0,Tell me about the difference between endogenous and exogenous variables in statistics,"The article discusses the differences between endogenous and exogenous variables in microeconometric analysis, focusing on their importance in identifying causal effects and estimating model parameters. Endogenous variables are determined within the model and influenced by other variables, while exogenous variables are determined outside the model and not influenced by other variables within it. Examples include the price in a demand function and government infrastructure projects.

The article highlights the endogeneity problem, where endogenous variables are correlated with the error term, leading to biased estimates. It suggests using methods like instrumental variables, panel data models (Generalized Method of Moments, Fixed and Random effects, BLP), and randomized experiments to address endogeneity. The Hausman test is mentioned as a tool to detect endogeneity.

The text also includes sections for sharing additional insights, with questions related to cost-saving measures, task prioritization, data selection, and strategic adaptation in economic analysis."
0,Tell me about the difference between endogenous and exogenous variables in statistics,"The web page explains the fundamental difference between endogenous and exogenous variables in statistical and econometric modeling. Key points include:

1. **Endogenous Variables**: These are variables whose values are determined by factors within the model or system being studied. They are influenced by and interact with other variables in the system. Examples include national income, private investment, and employment levels in economic models.

2. **Exogenous Variables**: These are variables determined by factors outside the system. They are independent of the model's structure and act as external drivers or inputs. Examples include global commodity prices, government policies, and natural environmental conditions.

3. **System Boundary**: The classification of variables as endogenous or exogenous depends on the specific research framework or system under examination. What might be exogenous in one context could be endogenous in another.

4. **Endogeneity Bias**: This occurs when an explanatory variable is correlated with the error term, leading to biased parameter estimates. Techniques like Instrumental Variables (IV), Two-Stage Least Squares (2SLS), and Generalized Method of Moments (GMM) are used to mitigate this bias.

5. **Practical Examples**:
   - **Agricultural Crop Yield**: Variables like crop yield, fertilizer, and rainfall are endogenous, while temperature might be exogenous.
   - **Macroeconomic Consumer Spending**: Variables like consumer spending, income, and investment returns are endogenous, while government tax rates are exogenous.

6. **Importance of Correct Classification**: Accurate classification of variables is crucial for valid causal inference and reliable policy recommendations.

7. **Modeling Implications**: Endogenous variables are manipulated within the model, while exogenous variables are not. The correct classification impacts the choice of estimation techniques and the validity of model conclusions.

In summary, understanding the distinction between endogenous and exogenous variables is essential for rigorous statistical and econometric modeling, ensuring accurate causal inference and reliable policy recommendations."
0,Tell me about the difference between endogenous and exogenous variables in statistics,"This article discusses exogenous and endogenous variables in the context of experimental design and analysis. Key points include:

1. **Exogenous Variables**: Determined outside the model/system, not influenced by other variables within the model but can impact endogenous variables.
2. **Endogenous Variables**: Determined within the model/system, influenced by other variables including exogenous and other endogenous variables.
3. **Relationship to Independent and Dependent Variables**: Exogenous variables are often independent, while endogenous variables are typically dependent.
4. **Correlation and Causation**: Correlation does not imply causation. Exogenous variables can help establish causal relationships.
5. **Example Scenario**: Studying the effect of advertising on sales, where advertising expenditure is exogenous and sales are endogenous.
6. **Python Exploration**: Code examples using Python to generate sample data, perform correlation analysis, and conduct regression to explore the relationship between advertising expenditure and sales.
7. **Conclusion**: Understanding these variables is crucial for accurate modeling and analysis in various fields, including economics and business.

The article also mentions that these concepts are part of a learning journey through a graduate applied data science program."
0,Tell me about the difference between endogenous and exogenous variables in statistics,"This article discusses exogenous and endogenous variables in the context of experimental design and analysis. Key points include:

- **Exogenous Variables**: Determined outside the model, not influenced by other variables within the system but can impact endogenous variables.
- **Endogenous Variables**: Determined within the model, influenced by other variables including exogenous and other endogenous variables.
- **Relationship to Independent and Dependent Variables**: Exogenous variables are often independent, while endogenous variables are typically dependent.
- **Correlation and Causation**: Correlation does not imply causation, but exogenous variables can help establish causal relationships.
- **Example Scenario**: Studying the effect of advertising on sales, where advertising expenditure is exogenous and sales is endogenous.
- **Python Exploration**: Code demonstrates generating sample data, performing correlation analysis, and conducting simple and multiple linear regressions.
- **Conclusion**: Understanding these variables is crucial for accurate modeling and valid conclusions in various fields."
